<?xml version="1.0" encoding="UTF-8"?>
<con:soapui-project activeEnvironment="Default" name="Sample REST Project" resourceRoot="${projectDir}" soapui-version="5.4.0" abortOnError="false" runType="SEQUENTIAL" id="57b9107b-e4ed-4671-a7a1-1bcfc934183b" xmlns:con="http://eviware.com/soapui/config">
  <con:settings/>
  
  <con:testSuite name="Test account creation" id="4a46eb7f-ab65-49ab-aa24-d23074c1cb1a">
    <con:description>TestSuite generated for REST Service [Sample REST project (5.0)]</con:description>
    <con:settings/>
    <con:runType>SEQUENTIAL</con:runType>
    <con:testCase failOnError="true" failTestCaseOnErrors="true" keepSession="false" maxResults="0" name="accountcreation TestCase" searchProperties="true" id="3923f7a8-171b-45cc-9b5d-a50bfa715f0a">
      <con:description>TestCase generated for REST Resource [accountcreation] located at [/accountcreation]</con:description>
      <con:settings/>
      
      
      <con:properties/>
    <con:reportParameters/></con:testCase>
    <con:properties/>
  <con:reportParameters/></con:testSuite>
  <con:restMockService port="8080" path="/" name="Account creation mock" host="LPTWRK-ANDREAS" id="73d789b0-9c79-4b2f-96be-84487f258a4c">
    <con:settings/>
    <con:properties/>
    
    
  <con:restMockAction name="games/1" method="GET" resourcePath="/games/1" id="4a455360-5d6a-4fb9-9619-416afe10a78e"><con:settings/><con:defaultResponse>Response 1</con:defaultResponse><con:dispatchStyle>SEQUENCE</con:dispatchStyle><con:dispatchPath>/*
// Script dispatcher is used to select a response based on the incoming request.
// Here are few examples showing how to match based on path, query param, header and body

// Match based on path
def requestPath = mockRequest.getPath()
log.info "Path: "+ requestPath

if( requestPath.contains("json") )
{
    // return the name of the response you want to dispatch
    return "JSON Response"
}


// Match based on query parameter
def queryString = mockRequest.getRequest().getQueryString()
log.info "QueryString: " + queryString

if( queryString.contains("stockholm") )
{
    // return the name of the response you want to dispatch
    return "Response Stockholm"
}
else if( queryString.contains("london") )
{
    // return the name of the response you want to dispatch
    return "Response London"
}


// Match based on header
def acceptEncodingHeaderList = mockRequest.getRequestHeaders().get("Accept-Encoding")
log.info "AcceptEncoding Header List: " + acceptEncodingHeaderList

if( acceptEncodingHeaderList.contains("gzip,deflate") )
{
    // return the name of the response you want to dispatch
    return "GZiped Response"
}


// Match based on body
def requestBody = mockRequest.getRequestContent()
log.info "Request body: " + requestBody

if( requestBody.contains("some data") )
{
    // return the name of the response you want to dispatch
    return "Response N"
}
*/
</con:dispatchPath><con:response name="Response 1" id="cb8f3225-255e-4e2e-9f0f-40269af44533" httpResponseStatus="200" mediaType="application/json"><con:settings/><con:responseContent>[{"genre":"GAME","imgURL":"https://lh3.googleusercontent.com/so_6m1-cT_WsMS5mAL0Qg6Tdj8F_FkyhAisnp5R1ruiVL5BZGSrM-B2x3sZXvCRssug=w300","subgenre":"Simulation","title":"Simulator Vape Smoke Joke","pid":"ru.proappsandgames.simulatorvapesmokejoke","rating":"3.5","rCount":"6707"},{"genre":"GAME","imgURL":"https://lh3.googleusercontent.com/RTWmZV_0bcJhVzpAqK3ZC8vNaS3l0vJV3RsQ6a4eAOaKFfIZGorvuyifA5GPXY-PWwc=w300","subgenre":"Adventure","title":"Underwater Survival Sim – 2","pid":"com.taigagames.underwatersurvivalsim2","rating":"3.9","rCount":"10915"},{"genre":"GAME","imgURL":"https://lh3.googleusercontent.com/t1nG_mTQJMlCvxuG9zb8_z_49wOB-CZqQxckePA8Lz1-bhlwldX4Iv1qOXl85_zmYA=w300","subgenre":"Action","title":"RetroArch","pid":"com.retroarch","rating":"3.8","rCount":"19397"},{"genre":"GAME","imgURL":"https://lh3.googleusercontent.com/NWJ2lnVldtD6uyCm8S4VM3WBxSNyMnvYDefWC-jSVsWPhPeOmqEMAZaekD4nFX613OQ=w300","subgenre":"Casino","title":"Scratch Lottery","pid":"com.ev.scratcher","rating":"4.2","rCount":"6093"},{"genre":"GAME","imgURL":"https://lh3.googleusercontent.com/Pp5mM5HWJNorMkllFri4Nu1PvuwKqNwFGfxNV3DBgiGDXYfRRi49pJYl4Ex7iex5SFGP=w300","subgenre":"Trivia","title":"Close Up Character - Pic Quiz!","pid":"air.com.goda.games.closeupcharacter","rating":"4.5","rCount":"97811"},{"genre":"GAME","imgURL":"https://lh4.ggpht.com/D9GR-MTzUjK4bK9yIZsD0zJ-Tz2InYwNDq47GiXnw3vvopH7BIebffjiEICmdxaHpSVb=w300","subgenre":"Racing","title":"Go Kart Go! Ultra!","pid":"com.xformgames.gokartgoultra","rating":"3.6","rCount":"72325"},{"genre":"GAME","imgURL":"https://lh3.googleusercontent.com/5SxArsS_z415yWxnbN_5sCcjCLC3x0QFA3VDNGsOLDQHGo97CNCP7SMHvM62eVozujY=w300","subgenre":"Action","title":"Jetpack Fighter","pid":"com.hirezstudios.jpfalpha","rating":"3.8","rCount":"7270"},{"genre":"GAME","imgURL":"https://lh6.ggpht.com/YbE1IlsjboVB0HjMofTPTQjZnn8GB9rQpbzy5ekR_L5jeKgJQYVH7xWCg3_cnkGqtp0=w300","subgenre":"Puzzle","title":"Sudoku 10'000 Free","pid":"com.onegravity.sudoku.sudoku10kfree","rating":"4.3","rCount":"5512"},{"genre":"GAME","imgURL":"https://lh3.googleusercontent.com/BaNCPENCItWxJ29GfBhORho_1F5jsip4Y-rbDdZWrkzobl_NoM3ZoJKDBDtij0ZhLgs=w300","subgenre":"Action","title":"LEET Servers for Minecraft PE","pid":"cc.leet.free","rating":"3.8","rCount":"71699"},{"genre":"GAME","imgURL":"https://lh3.googleusercontent.com/wxcpi2xfgbWWhVi0fbXZ93Cn4LhWVTum8LPnVTa_uOtCQm5cMKnGPhs2hEx5oh1rMZ4=w300","subgenre":"Arcade","title":"4 Fingers","pid":"com.Studio17.Fingers","rating":"3.3","rCount":"5758"},{"genre":"GAME","imgURL":"https://lh3.ggpht.com/SEa6yTfqx3GhlTODhqrmA9gYayvRSDv0blPpX75VSQh5Ey62XJllRtWyzhux1pTqQp4=w300","subgenre":"Arcade","title":"Run Sackboy! Run!","pid":"com.playstation.runsackboyrun","rating":"4.3","rCount":"177123"},{"genre":"GAME","imgURL":"https://lh5.ggpht.com/QLLiJLWuvzXhRVSNMY7KuKiFzqHFgFEIxGDLmuIMXFEWU-tG-SwLw26hLi4W-qwlug=w300","subgenre":"Racing","title":"Exion Hill Racing","pid":"com.exiongames.exionhillracing","rating":"4.2","rCount":"126997"},{"genre":"GAME","imgURL":"https://lh3.googleusercontent.com/a4pjVGDAe-gIfHls7IqZAjkZ9H3_pyqv1w4FzlhAc_b2oi-phD_s_AyTUvID_jjZkNQ=w300","subgenre":"Simulation","title":"Tiny Tower","pid":"com.nimblebit.tinytower","rating":"4.6","rCount":"38061"},{"genre":"GAME","imgURL":"https://lh6.ggpht.com/hPg-AHy1iw1AQs2_mD4yu3vmh8NQ3Mn2qSK4Y1dj7EVBrUWOUfcPR8iEX6mIorxKEU4=w300","subgenre":"Casino","title":"Ultimate Teen Patti — UTP","pid":"com.games24x7.teenpatti.playstore","rating":"4.6","rCount":"107953"},{"genre":"GAME","imgURL":"https://lh3.googleusercontent.com/UunG18pgl6pk1dHL_AvbaM6es6H56wKrgHYXDtvKCjd-ky56QLKVBMP-_NFZl6c4i_o=w300","subgenre":"Action","title":"Dog Simulator Puppy Craft","pid":"com.hgamesart.dogsimulator","rating":"4.3","rCount":"22460"},{"genre":"GAME","imgURL":"https://lh3.googleusercontent.com/FwgfkMWdn74tWS3qYc3pffbv-dkqLrG4fNhbb7afNSHMpL1WXFb3NV6zUVx8hAuVISA=w300","subgenre":"Simulation","title":"Extreme Car Stunts 3D","pid":"com.tapinator.smash.carwar3d","rating":"4.1","rCount":"140005"},{"genre":"GAME","imgURL":"https://lh3.googleusercontent.com/BsVjXXMRNHSsmfUgGUevLX4xaho59Vd9zgmGI6rEApvgyLjiVWOt32871KmMga3y3A=w300","subgenre":"Strategy","title":"Cloud Raiders","pid":"com.gameinsight.cloudraiders","rating":"4.4","rCount":"252559"},{"genre":"GAME","imgURL":"https://lh4.ggpht.com/NYF7Hnohagwgdb5SZob0birNVQhFF5dBtOS4rf08hsnJMNmTrSf2w2vVtE3KPUq65vk=w300","subgenre":"Role Playing","title":"Ninja Saga","pid":"com.emagist.ninja_saga","rating":"4.1","rCount":"131129"},{"genre":"GAME","imgURL":"https://lh3.googleusercontent.com/Pb6XvDXlUEeOXVp9MEqEwPeagio8_fl1bhACpGUPnMXx3DOUjudwr8zVDLj2oiqbeUo=w300","subgenre":"Arcade","title":"Stickman Archer","pid":"com.stickmanindie.stickmanarcher","rating":"4.2","rCount":"22940"},{"genre":"GAME","imgURL":"https://lh3.googleusercontent.com/oDEMabmBORGhbRn95hpJ45fMHq_2LQqV7bFgT5cL_CtXRTL0Q0yNiMXBnz7HoFC45w=w300","subgenre":"Casual","title":"Make More!","pid":"com.fingersoft.makemore","rating":"4.7","rCount":"270200"}]</con:responseContent></con:response></con:restMockAction><con:restMockAction name="games/2" method="GET" resourcePath="/games/2" id="c7a2492e-f154-4310-903f-d7811374fcc8"><con:settings/><con:defaultResponse>Response 1</con:defaultResponse><con:dispatchStyle>SEQUENCE</con:dispatchStyle><con:dispatchPath>/*
// Script dispatcher is used to select a response based on the incoming request.
// Here are few examples showing how to match based on path, query param, header and body

// Match based on path
def requestPath = mockRequest.getPath()
log.info "Path: "+ requestPath

if( requestPath.contains("json") )
{
    // return the name of the response you want to dispatch
    return "JSON Response"
}


// Match based on query parameter
def queryString = mockRequest.getRequest().getQueryString()
log.info "QueryString: " + queryString

if( queryString.contains("stockholm") )
{
    // return the name of the response you want to dispatch
    return "Response Stockholm"
}
else if( queryString.contains("london") )
{
    // return the name of the response you want to dispatch
    return "Response London"
}


// Match based on header
def acceptEncodingHeaderList = mockRequest.getRequestHeaders().get("Accept-Encoding")
log.info "AcceptEncoding Header List: " + acceptEncodingHeaderList

if( acceptEncodingHeaderList.contains("gzip,deflate") )
{
    // return the name of the response you want to dispatch
    return "GZiped Response"
}


// Match based on body
def requestBody = mockRequest.getRequestContent()
log.info "Request body: " + requestBody

if( requestBody.contains("some data") )
{
    // return the name of the response you want to dispatch
    return "Response N"
}
*/
</con:dispatchPath><con:response name="Response 1" id="0ab476a6-88ea-42b5-9a83-cc11ffc9dfd4" httpResponseStatus="200" mediaType="application/json"><con:settings/><con:responseContent>[{"genre":"GAME","imgURL":"https://lh3.googleusercontent.com/RnYEPhzqzOiDjpz8ICSg-E89J9gmitmwTCRkBrfEF9oi2HJFG0zqidI6xwaxZjMExA=w300","subgenre":"Simulation","title":"Goat Simulator Free","pid":"com.mtsgames.goatsimulatorfree","rating":"3.4","rCount":"47809"},{"genre":"GAME","imgURL":"https://lh3.ggpht.com/D4M2-n35H1Lb09a0wwCP6zH5mQn5KMOonb8haIsdoXOOkYNBmHGFIPiN22lhUW1z9Wc=w300","subgenre":"Role Playing","title":"Little Alchemist","pid":"com.chinzilla.littlealchemist.google","rating":"4.2","rCount":"84054"},{"genre":"GAME","imgURL":"https://lh3.googleusercontent.com/4Qh7198DbH6isRxUxBENWvgkfV4u9wMtxnwcbSnw3BNQAmf4NE7cVbFwPzZv70-3tVk=w300","subgenre":"Casual","title":"One More Dash","pid":"com.smgstudio.omd","rating":"4.2","rCount":"22901"},{"genre":"GAME","imgURL":"https://lh3.googleusercontent.com/kOkRAVs7meM9Dn-nVHGnufuZvGm1sWRigG40mcdgXs7Jn6CEDYzYbxrSo6W2zR-DCi8=w300","subgenre":"Action","title":"Sniper 3D Gun Shooter: Free Shooting Games - FPS","pid":"com.fungames.sniper3d","rating":"4.6","rCount":"5728564"},{"genre":"GAME","imgURL":"https://lh3.googleusercontent.com/zT_QhwA1jaC-571b-ww1JBhQHruBLoneW7YSDQ7XsdoUmPMS8zCRrMojIcc8XtAdNg=w300","subgenre":"Casino","title":"Hot Casino- Vegas Slots Games","pid":"com.hotcasino.vegas.slots.grandwin.free","rating":"4.8","rCount":"9576"},{"genre":"GAME","imgURL":"https://lh3.googleusercontent.com/KiraZzGub68Lq_EwEg1wHKcUklPQIVxnG_s2razzGnam__tdjJl8ccsp-R2V58J0nQ=w300","subgenre":"Arcade","title":"8-BIT WATERSLIDE","pid":"com.dsancientgames.eightbitwaterslide","rating":"4.1","rCount":"6075"},{"genre":"GAME","imgURL":"https://lh3.googleusercontent.com/MRW8Ap-5aM8E0IbXuqkWJ4pa6fp3j0Sc87c7Sq6wcaN8FaA20x1LpG_J0bGTuUlUAr0=w300","subgenre":"Puzzle","title":"Age of 2048: Civilization City Building (Puzzle)","pid":"com.soulgit.age2048","rating":"4.4","rCount":"34044"},{"genre":"GAME","imgURL":"https://lh3.googleusercontent.com/6PNFwmm1rKzzQGjMFrAPwNDYfpYBUrkSP_I5Lg7L2G4bo1FOj3qEOZj_V0MZ10AA52WN=w300","subgenre":"Board","title":"Wizard of Bingo","pid":"com.blackcircleapps.halloweenbingo","rating":"4.7","rCount":"18281"},{"genre":"GAME","imgURL":"https://lh3.googleusercontent.com/HaxgqCSngEFtxwg7hiIkCFXSz4dl1bmN1ckbBJeWeNw0Wj51rIlqGly-62Q_uPhuRw=w300","subgenre":"Casual","title":"Mom Pregnant Surgery Simulator Games","pid":"com.rps.mompregnentsurgerysimulator","rating":"3.8","rCount":"10199"},{"genre":"GAME","imgURL":"https://lh3.googleusercontent.com/1egt6L4RYQLvSlC2v7b_ri9lFZt0gAXopHuyzirOn7L7l2T4IYBliYjq2dASDY7wLQ=w300","subgenre":"Action","title":"Grand Battle Royale","pid":"com.onetongames.kingofthehill","rating":"4.2","rCount":"78662"},{"genre":"GAME","imgURL":"https://lh5.ggpht.com/DTRVI5x27m54RLi6XxaZCmRUZ8W1bzxv7XrQL3eFyX8dsKvmsL34APnguPp9BBiAyCAF=w300","subgenre":"Casual","title":"Whip","pid":"com.progimax.whip.free","rating":"3.6","rCount":"10660"},{"genre":"GAME","imgURL":"https://lh6.ggpht.com/eLWDMUMr6xPU2Ba91KmNHHM3cCmvSgZN-BLDuk6lOqnOYgVN_t10CFHFLNUaddTHJbA=w300","subgenre":"Trivia","title":"Which is the Real Logo?","pid":"com.generamobile.logomania","rating":"4.5","rCount":"74509"},{"genre":"GAME","imgURL":"https://lh3.ggpht.com/7zJfAEzvUjNO5u-09O27E0Qct1kdpJeo5bnbhZRYdLMVy6bzELBkqp6PkkLH1etlyEc=w300","subgenre":"Sports","title":"BMX Extreme - Bike Racing","pid":"com.gameone.bmxextreme","rating":"3.9","rCount":"43213"},{"genre":"GAME","imgURL":"https://lh3.googleusercontent.com/7DGiAFa5XqeFdI2YsC9Qlgl0grysDLP1KC2wJLUMlu8NkXs5X_qugbvnb5GxNSIuQqk=w300","subgenre":"Racing","title":"SR: Racing","pid":"com.WildLabs.StreetRacing","rating":"4.1","rCount":"19691"},{"genre":"GAME","imgURL":"https://lh3.googleusercontent.com/qFRnHdsfWFJ6gsVQQRonsHOSjGbZp2IQcytNkXiQ-vK4SSXIeE8JX8arhYDhyWGyA24=w300","subgenre":"Simulation","title":"City Builder 2016: County Mall","pid":"com.vg.citybuilder2016countymall","rating":"4.1","rCount":"38259"},{"genre":"GAME","imgURL":"https://lh3.googleusercontent.com/64ePOpFBg2DeT7EjzFtLizESwJKsFIGP3TEC0pdZ2m7SZtzEzPKUUxQa4v19UiVbUQ=w300","subgenre":"Simulation","title":"Wedding Salon Dash - Bridal Shop Simulator Game","pid":"br.com.tapps.weddingsalondash","rating":"4.3","rCount":"5028"},{"genre":"GAME","imgURL":"https://lh3.googleusercontent.com/3gDhGB0ISC_aY1YNHxqF2Ymchmck-Y1Vv0UFTRd06ClPEIF1L1yEkdX1EYFZeDbqy0M=w300","subgenre":"Puzzle","title":"Wood Block Puzzle","pid":"com.bitmango.woodblockpuzzle","rating":"4.5","rCount":"27005"},{"genre":"GAME","imgURL":"https://lh3.googleusercontent.com/a17t8kK_A4TMJtV0l6oTGzOvLbu_QlnKiWZM3L4RB-xprNL57z1YAJlal9ewEPrWxrW3=w300","subgenre":"Sports","title":"Street Basketball Association","pid":"com.sba.android.googleplay","rating":"4.6","rCount":"47304"},{"genre":"GAME","imgURL":"https://lh3.googleusercontent.com/fbT2oUmgfu29mFP49-2dXfenc3AygbFc30gWBybXRQTZrbttlz8NLLdA_9-Rix0VzJW5=w300","subgenre":"Action","title":"Spinning.io : Fidget Spinner Wars","pid":"com.jointsoft.spinningiofidgetspinnerwars","rating":"4.4","rCount":"6030"},{"genre":"GAME","imgURL":"https://lh3.googleusercontent.com/HtzcPEQ6jZAUWKBUsbOMzaJuWBx2VqbkIOJDb4ssy32ArnlyBZlxzEcJhXUDb1YvCouF=w300","subgenre":"Board","title":"Guess The Character","pid":"com.jandusoft.gtc","rating":"3.7","rCount":"46632"}]</con:responseContent></con:response></con:restMockAction><con:restMockAction name="games/3" method="GET" resourcePath="/games/3" id="79a66fbf-d6bf-4cf3-a1a7-172cf5d9d51c"><con:settings/><con:defaultResponse>Response 1</con:defaultResponse><con:dispatchStyle>SEQUENCE</con:dispatchStyle><con:dispatchPath>/*
// Script dispatcher is used to select a response based on the incoming request.
// Here are few examples showing how to match based on path, query param, header and body

// Match based on path
def requestPath = mockRequest.getPath()
log.info "Path: "+ requestPath

if( requestPath.contains("json") )
{
    // return the name of the response you want to dispatch
    return "JSON Response"
}


// Match based on query parameter
def queryString = mockRequest.getRequest().getQueryString()
log.info "QueryString: " + queryString

if( queryString.contains("stockholm") )
{
    // return the name of the response you want to dispatch
    return "Response Stockholm"
}
else if( queryString.contains("london") )
{
    // return the name of the response you want to dispatch
    return "Response London"
}


// Match based on header
def acceptEncodingHeaderList = mockRequest.getRequestHeaders().get("Accept-Encoding")
log.info "AcceptEncoding Header List: " + acceptEncodingHeaderList

if( acceptEncodingHeaderList.contains("gzip,deflate") )
{
    // return the name of the response you want to dispatch
    return "GZiped Response"
}


// Match based on body
def requestBody = mockRequest.getRequestContent()
log.info "Request body: " + requestBody

if( requestBody.contains("some data") )
{
    // return the name of the response you want to dispatch
    return "Response N"
}
*/
</con:dispatchPath><con:response name="Response 1" id="4a70035b-2acc-416f-8f89-c8fc7fc4fe1c" httpResponseStatus="200" mediaType="application/json"><con:settings/><con:responseContent>[{"genre":"GAME","imgURL":"https://lh3.googleusercontent.com/DRNjEvh35DDd-_xUc1GmzEjRkxdFAjLvU0s7CeA-iinqxDsY-tklIJ7XYnehG3RjKWE=w300","subgenre":"Simulation","title":"USB type C Simulator","pid":"com.AdrianZarzycki.USBSim","rating":"3.2","rCount":"9819"},{"genre":"GAME","imgURL":"https://lh3.googleusercontent.com/RflUSRMWd2F-wQHcJX11De8nVvNwbEkADy8y7EfldM4vcWlOSIgFyOsNoUggf7lDhQ=w300","subgenre":"Action","title":"Battle Online : Survival Island","pid":"com.sleepyj.survivalisland1","rating":"3.8","rCount":"5001"},{"genre":"GAME","imgURL":"https://lh3.googleusercontent.com/iWrCyMSVwRIoKik6WC14zrY_pZ-gS39PRE92y592WookUmMg8H8F9byjBQQzhSzJFkw=w300","subgenre":"Simulation","title":"Guns Sound","pid":"com.mobilegameart.gunssounds","rating":"4.3","rCount":"80372"},{"genre":"GAME","imgURL":"https://lh4.ggpht.com/NhXb8bnhJu_ySVivDlx7D0uBojALku3EdGaQG0xTyL3YaUKDT8rYNwXmlV3n9VY_nQ=w300","subgenre":"Casual","title":"Ice Cream Drop","pid":"com.retrodreamer.IceCreamDrop.android.free","rating":"4","rCount":"24201"},{"genre":"GAME","imgURL":"https://lh3.googleusercontent.com/ly3rulpi8uVyrASqXWFCq6Qn_VcqUbirjkzBb6hz5983TeAPR4fBJtHgFlvCWbuMh2M=w300","subgenre":"Casual","title":"Candy Crush Soda Saga","pid":"com.king.candycrushsodasaga","rating":"4.3","rCount":"5744232"},{"genre":"GAME","imgURL":"https://lh3.googleusercontent.com/7SPumk_uGdlAI5821Oy-ILhy_HBOJ-xQ9iEVio3cR9DIv2g_5NIpYzwLq0rsKdIU0CA=w300","subgenre":"Sports","title":"Ski Jump","pid":"com.PixelPerfectDude.SkiJump","rating":"4.1","rCount":"71509"},{"genre":"GAME","imgURL":"https://lh3.googleusercontent.com/PyNPxbN6LJJu-LdXM9vOUcXGMMbou7x6HYDRaIggDs_NXbOgA2GPjcIg5I6nSozIppI=w300","subgenre":"Simulation","title":"Car Dealer Simulator","pid":"ru.appscraft.cardealer","rating":"3.9","rCount":"50835"},{"genre":"GAME","imgURL":"https://lh3.googleusercontent.com/QjSQxouz_aITW_Mz0op7V027r_bWvztw_OigtXHhaXxqc3u1yyOIVRq1wdTgARd8wxA=w300","subgenre":"Casino","title":"Coin Dozer: Casino","pid":"com.gamecircus.CoinDozerJackpot","rating":"4.7","rCount":"89208"},{"genre":"GAME","imgURL":"https://lh6.ggpht.com/eTKJ72BKxG_kEClZKs0Mtk_csx0CUgalr08cpADEw40Gyrucf4r5FDKi4DGbIFJ05gw=w300","subgenre":"Casual","title":"Love Test Calculator","pid":"com.ama.lovetest.calculator","rating":"3.8","rCount":"36953"},{"genre":"GAME","imgURL":"https://lh3.googleusercontent.com/D560lh6zBdckQLNX0ejWf41nV53oiZr7_OOvN_agZAu257vJeqcd0PWhJbY8cx5uTA=w300","subgenre":"Casino","title":"PCH Lotto","pid":"com.pch.lottoblast","rating":"4.4","rCount":"39965"},{"genre":"GAME","imgURL":"https://lh3.googleusercontent.com/lRD165XYIUfVPVzg2EZ-7tqb_jc4tf611rUj4ubjpAff0QAsbvXDPyqk7_4d5iBsIQym=w300","subgenre":"Role Playing","title":"Crusaders Quest","pid":"com.nhnent.SKQUEST","rating":"4.4","rCount":"462801"},{"genre":"GAME","imgURL":"https://lh3.googleusercontent.com/oanZvbZo2R0m8qcyEHkuQgwaoQOhf0dMV3cshPI7WW1LecVHXkjdMTmEHLLJEQJUQQ=w300","subgenre":"Word","title":"Ordguf - Word Snack","pid":"com.apnax.wordsnack.da","rating":"4.3","rCount":"6088"},{"genre":"GAME","imgURL":"https://lh3.ggpht.com/oKnjPxyGOq4JbkyQPtFUwPmSb2KVS4vJmickgnnhFaljs2fLEa5-xsG6jhrwDliLi4Q=w300","subgenre":"Action","title":"Heroes and Castles","pid":"com.foursakenmedia.heroesandcastles","rating":"4.3","rCount":"5133"},{"genre":"GAME","imgURL":"https://lh3.googleusercontent.com/k0gVUJeRepRrbpUyMHOQmcuVqjoqoKAMzuxlKXwyriHspzLzlgIccoWgqlbaWPjn6MI=w300","subgenre":"Casual","title":"Clawbert","pid":"com.Bow3.TheClaw","rating":"4.7","rCount":"82873"},{"genre":"GAME","imgURL":"https://lh3.ggpht.com/jDOTe9aahh6TtDlJSnTzv6SPPM3PoUDBaCn3e0mXdLJQBoqeZUcdo2019uxxpcyoH5k=w300","subgenre":"Arcade","title":"Snow Bros","pid":"com.isac.SnowBrosFree","rating":"4.2","rCount":"59646"},{"genre":"GAME","imgURL":"https://lh3.googleusercontent.com/B8Adk_7KbUpyalIXJL0cIxgVYdAbI_5XgEj6CKaab-1B0hTO-VAeCA_Of0bv0wK3JOvl=w300","subgenre":"Arcade","title":"Crossy Space","pid":"com.irrationaldesign.orbityspace","rating":"4.2","rCount":"6537"},{"genre":"GAME","imgURL":"https://lh3.googleusercontent.com/r8edq8QSsXp9FygOgWJMU7dQV3L5TmKZkuh9quaJJ_F5wGOQhIGGq3L94C2Lt8VdxQ=w300","subgenre":"Music","title":"Rock Life - Guitar Legend","pid":"com.Zeeppo.RockLife","rating":"4.1","rCount":"156635"},{"genre":"GAME","imgURL":"https://lh5.ggpht.com/oJjfDSdNqKVT2aIf5VCPaQYDckj7Wz9GaqGUdKIqUpY14qz4u-Nps2M0Y3a2MM8aiA=w300","subgenre":"Casual","title":"Barbie Magical Fashion","pid":"com.budgestudios.BarbieMagicalFashion","rating":"4","rCount":"294481"},{"genre":"GAME","imgURL":"https://lh3.googleusercontent.com/oeKeVFsbA97XITWzZ-8tnZCmbVMTU_CqfkJNg7O04iQh4Hpr7eijafsZjCaOtQEUIkk=w300","subgenre":"Music","title":"Full of Music 1 ( MP3 Rhythm Game )","pid":"net.handicrafter.games.fom1","rating":"4.5","rCount":"8456"},{"genre":"GAME","imgURL":"https://lh3.googleusercontent.com/HLyYu4dCGtP3d5ZBaC9Tawr-Wza7lSd9FpZVyEjnzZKYyIO9kOlHTk3TYcejipQg1Q=w300","subgenre":"Arcade","title":"STRIKERS 1999","pid":"com.mobirix.s1945iii_gg","rating":"4.4","rCount":"157421"}]</con:responseContent></con:response></con:restMockAction></con:restMockService>
  <con:requirements/><con:properties/>
  <con:wssContainer/>
  <con:databaseConnectionContainer/><con:oAuth2ProfileContainer/>
  <con:oAuth1ProfileContainer/><con:reporting><con:xmlTemplates/><con:parameters/></con:reporting><con:sensitiveInformation/>
</con:soapui-project>